Municipio_ocurrencia,COD_MUN_O,anos_con_casos,casos_acumulados
CALI,001,18,157649
IBAGUE,001,18,55884
MEDELLIN,001,18,55646
BUCARAMANGA,001,18,51255
VILLAVICENCIO,001,18,47916
CUCUTA,001,18,44967
BARRANQUILLA,001,18,43921
NEIVA,001,18,34993
CARTAGENA,001,18,28403
FLORIDABLANCA,276,18,28253
PALMIRA,520,18,22723
SINCELEJO,001,18,21971
VALLEDUPAR,001,18,19236
ARMENIA,001,18,17427
PEREIRA,001,18,17080
YOPAL,001,18,16391
MONTERIA,001,18,15650
SOLEDAD,758,18,14381
GIRON,307,18,13905
PIEDECUESTA,547,18,13723
ACACIAS,006,18,12141
ESPINAL,268,18,11978
SANTA MARTA,001,18,10989
TULUA,834,18,10984
BUGA,111,18,10326
YUMBO,892,18,9936
PITALITO,551,18,9779
GIRARDOT,307,18,9482
BARRANCABERMEJA,081,18,9451
CARTAGO,147,18,8738
JAMUNDI,364,17,8462
ITAGUI,360,17,8336
GARZON,298,18,7141
VILLA DEL ROSARIO,874,18,6982
DOSQUEBRADAS,170,18,6962
MELGAR,449,18,6648
AGUACHICA,011,18,6646
FUSAGASUGA,290,18,6521
RIOHACHA,001,18,6449
LOS PATIOS,405,18,6441
FLORIDA,275,18,6430
BELLO,088,18,5995
FLORENCIA,001,14,5909
SAN GIL,679,18,5774
LETICIA,001,18,5738
AGUAZUL,010,18,5618
CHAPARRAL,168,18,5493
OCAÑA,498,18,5276
GRANADA,313,18,5271
SARAVENA,736,18,5118
SAN JOSE DEL GUAVIARE,001,18,4940
CALARCA,130,18,4927
ARAUCA,001,18,4850
TUMACO,835,18,4813
LIBANO,411,18,4686
CANDELARIA,130,17,4654
MARIQUITA,443,18,4639
PUERTO LOPEZ,573,18,4303
VILLETA,875,18,4300
POPAYAN,001,18,4271
MALAMBO,433,18,4142
NILO,488,18,4110
GUAMO,319,18,4096
MAGANGUE,430,18,4075
SAN VICENTE DEL CAGUAN,753,18,4031
MONTENEGRO,470,18,3831
LA UNION,400,18,3828
BUENAVENTURA,109,18,3828
LA PLATA,396,18,3806
SANTA ROSA DEL SUR,688,18,3789
QUIMBAYA,594,18,3716
EL CARMEN DE BOLIVAR,244,18,3697
LA MESA,386,18,3625
MOCOA,001,18,3585
ORITO,320,18,3565
MAICAO,430,18,3536
PAZ DE ARIPORO,250,18,3359
TURBACO,836,18,3350
SANTANDER DE QUILICHAO,698,18,3328
ENVIGADO,266,18,3327
APARTADO,045,18,3267
VALLE DEL GUAMUEZ,865,18,3248
EL CERRITO,248,18,3236
PUERTO ASIS,568,18,3190
SAMPUES,670,18,3147
CURUMANI,228,18,3139
LA TEBAIDA,401,18,3127
SOCORRO,755,18,3088
TURBO,837,17,2915
LORICA,417,18,2868
SAN MARTIN,689,18,2852
LEBRIJA,406,18,2817
ZARZAL,895,18,2761
PALERMO,524,18,2740
SAN MARCOS,708,18,2738
GUAMAL,318,18,2725
ARJONA,052,18,2715
COROZAL,215,18,2712
VILLANUEVA,440,14,2683
DAGUA,233,18,2676
ARAUQUITA,065,18,2654
TAURAMENA,410,18,2644
LA DORADA,380,18,2615
CUMARAL,226,18,2581
CASTILLA LA NUEVA,150,18,2565
TIBU,810,18,2554
EL COLEGIO,245,18,2554
SABANALARGA,638,18,2508
AGUSTIN CODAZZI,013,18,2507
SABANA DE TORRES,655,18,2469
LERIDA,408,18,2446
VILLAGARZON,885,18,2446
PUERTO GAITAN,568,18,2443
RESTREPO,606,18,2424
TAME,794,18,2332
HONDA,349,18,2320
BARANOA,078,18,2315
CAMPOALEGRE,132,18,2304
RIVERA,615,18,2270
CIMITARRA,190,18,2244
EXTERIOR_VENEZUELA,862,18,2211
ALGECIRAS,020,18,2204
PUERTO BOYACA,572,18,2198
AIPE,016,18,2180
FLANDES,275,14,2134
FORTUL,300,18,2130
COPACABANA,212,17,2122
PRADERA,563,18,2117
SAHAGUN,660,18,2062
PUERTO GUZMAN,571,18,2039
GALAPA,296,18,2031
SEVILLA,736,18,2029
VILLANUEVA,874,18,2017
EL BAGRE,250,18,2012
EL ZULIA,261,18,2006
ROLDANILLO,622,18,1980
FUNDACION,288,18,1968
MOMPOS,468,18,1912
PURIFICACION,585,18,1896
TIMANA,807,18,1888
COYAIMA,217,18,1867
MONTELIBANO,466,18,1843
SALDAÑA,671,18,1835
TIERRALTA,807,18,1830
ITSMINA,361,18,1828
SAN JUAN NEPOMUCENO,657,18,1816
PUERTO INIRIDA,001,18,1803
VALENCIA,855,18,1772
ANAPOIMA,035,18,1761
NECOCLI,490,17,1761
QUIBDO,001,18,1759
CAUCASIA,154,17,1754
GUACARI,318,18,1749
LA VIRGINIA,400,18,1741
VISTAHERMOSA,711,18,1741
SAN ANDRES,001,18,1694
PUEBLO NUEVO,570,18,1663
SAN JUAN DEL CESAR,650,18,1659
URIBIA,847,18,1640
FUENTE DE ORO,287,17,1636
ANSERMANUEVO,041,18,1635
SAN ALBERTO,710,18,1619
ABREGO,003,18,1613
OVEJAS,508,18,1608
BARBOSA,077,18,1604
PLANETA RICA,555,18,1580
ROVIRA,624,18,1576
TOLU,820,18,1570
TOCAIMA,815,18,1563
LA JAGUA DE IBIRICO,400,18,1553
CIENAGA,189,18,1552
SAN VICENTE DE CHUCURI,689,18,1547
ORTEGA,504,18,1533
ALVARADO,026,18,1522
CERETE,162,18,1511
ARMERO (GUAYABAL),055,18,1506
SAN AGUSTIN,668,18,1492
CALOTO,142,17,1491
BELEN DE UMBRIA,088,18,1482
CHIGORODO,172,17,1471
MONIQUIRA,469,17,1460
BARBOSA,079,17,1456
CIRCASIA,190,18,1454
PUERTO CARREÑO,001,18,1435
VIJES,869,18,1430
SAN ANTONIO,675,18,1425
TARQUI,791,17,1420
PUERTO COLOMBIA,573,18,1405
CAICEDONIA,122,18,1390
SAN MIGUEL (LA DORADA),757,18,1383
SAN LUIS,678,18,1363
FRESNO,283,18,1359
TRUJILLO,828,18,1350
RIONEGRO,615,18,1342
CAREPA,147,18,1339
ANTIOQUIA,042,18,1332
CHINCHINA,174,18,1328
ATACO,067,18,1313
MONTERREY,162,18,1312
LA VEGA,402,18,1306
SAN CARLOS DE GUAROA,680,18,1289
PUERTO RICO,592,18,1280
PUERTO LIBERTADOR,580,18,1272
GINEBRA,306,17,1248
PUERTO BERRIO,579,18,1246
CHIRIGUANA,178,18,1243
PUERTO LEGUIZAMO,573,18,1243
SAN MARTIN,770,13,1225
CARMEN DE APICALA,148,18,1213
GIGANTE,306,18,1211
MANI,139,18,1207
ROBLES (LA PAZ),621,18,1205
ARIGUANI (EL DIFICIL),058,18,1203
TIQUISIO (PUERTO RICO),810,18,1203
NECHI,495,16,1199
PAILITAS,517,17,1198
SEGOVIA,736,17,1193
EL PLAYON,255,18,1193
SANTA ROSA DE CABAL,682,17,1187
PLATO,555,17,1181
MIRANDA,455,16,1181
GUADALUPE,319,18,1175
PUERTO SALGAR,572,18,1174
MALAGA,432,18,1171
GUADUAS,320,18,1162
CHINU,182,18,1159
BOSCONIA,060,18,1143
CORDOBA,212,18,1138
YOTOCO,890,17,1125
LEJANIAS,400,18,1121
PUERTO TEJADA,573,17,1117
PLANADAS,555,18,1115
SUAZA,770,18,1108
PUERTO CAICEDO,569,18,1100
TESALIA,797,18,1099
FLORENCIA,290,12,1098
VIOTA,878,18,1096
GIRARDOTA,308,16,1089
EL CARMEN,245,18,1088
EL RETORNO,025,18,1061
LA ESTRELLA,380,17,1058
SINCE,742,18,1055
BUGALAGRANDE,113,17,1052
AGUA DE DIOS,001,18,1044
OLAYA HERRERA(BOCAS DE SATINGA,490,14,1044
RIOFRIO,616,18,1034
PELAYA,550,18,1006
PUERTO RICO,590,14,1002
DARIEN,126,18,988
VENADILLO,861,17,975
NATAGAIMA,483,18,969
AMAGA,030,16,967
SANTO TOMAS,685,18,958
OIBA,500,17,945
* ANTIOQUIA. MUNICIPIO DESCONOCIDO,000,13,936
MANAURE BALCON DEL CESAR,443,18,931
CHINACOTA,172,18,930
MITU,001,17,930
PATIA (EL BORDO),532,18,928
CONVENCION,206,18,926
ALCALA,020,18,925
TRINIDAD,430,18,924
ANDALUCIA,036,16,924
COVEÑAS,221,18,918
CUMARIBO,773,18,916
BARRANCAS,078,17,912
CUBARRAL,223,18,912
HOBO,349,18,910
SAN JACINTO,654,15,908
PUERTO CONCORDIA,450,18,901
LURUACO,421,18,898
* PROCEDENCIA DESCONOCIDA,000,11,889
CORINTO,212,17,888
CIENAGA DE ORO,189,18,882
SABANETA,631,17,875
TOLUVIEJO,823,18,874
SUAITA,770,16,874
PUEBLO BELLO,570,18,863
LOS SANTOS,418,18,853
EL CASTILLO,251,18,852
RIOBLANCO,616,18,852
BOLIVAR,101,16,847
MUZO,480,16,847
BARRANCA DE UPIA,110,18,846
RICAURTE,612,18,842
ZARAGOZA,895,17,842
PORE,263,18,841
EL CARMEN DE CHUCURI,235,18,837
MESETAS,330,17,836
MANAURE,560,18,833
SAN PELAYO,686,17,832
LOS PALMITOS,418,18,821
ASTREA,032,16,811
REMEDIOS,604,18,805
TORO,823,17,804
ACEVEDO,006,18,800
LA MACARENA,350,17,798
GUAPI,318,17,797
EL BANCO,245,18,795
TELLO,799,18,792
TUCHIN,815,16,791
POLO NUEVO,558,17,790
CAPITANEJO,147,18,788
GENOVA,302,14,787
BARRANCO DE LOBA,074,16,785
BOLIVAR,100,14,783
COELLO,200,18,776
CHARALA,167,16,771
SOATA,753,15,771
SAN ANDRES SOTAVENTO,670,18,769
CHIMICHAGUA,175,18,761
TAMINANGO,786,15,759
PUERTO WILCHES,575,18,751
SAN SEBASTIAN DE BUENAVISTA,692,16,747
ARBOLETES,051,17,746
ARACATACA,053,16,743
PALMAR DE VARELA,520,18,743
* CUNDINAMARCA. MUNICIPIO DESCONOCIDO,000,13,733
SAN JUAN DE URABA,659,17,729
SAN PEDRO,670,17,717
CACHIPAY,123,17,715
PIEDRAS,547,18,712
SAN PEDRO DE URABA,665,18,711
EL CHARCO,250,16,709
LA GLORIA,383,18,707
SUPIA,777,15,706
YAGUARA,885,18,698
AYAPEL,068,17,698
ZONA BANANERA,980,18,698
EL PASO,250,17,695
SABANAGRANDE,634,18,695
BECERRIL,045,18,694
TEORAMA,800,17,689
SAN JUAN DE ARAMA,683,18,687
SAN JERONIMO,656,15,684
MONTECRISTO,458,18,681
PITAL,548,18,679
MEDINA,438,18,678
* TOLIMA. MUNICIPIO DESCONOCIDO,000,13,676
TERUEL,801,18,670
SAN DIEGO,750,18,668
OTANCHE,507,15,665
PONEDERA,560,18,664
VITERBO,877,16,661
SASAIMA,718,18,654
RAFAEL REYES (APULO),599,17,654
FONSECA,279,18,650
PARATEBUENO,530,18,648
SANTA ANA,707,17,647
SAN PABLO DE BORBUR,681,12,640
LANDAZURI,385,17,639
SAN MARTIN DE LOBA,667,15,638
CHIVOLO,170,14,624
DIBULLA,090,17,623
FALAN,270,18,614
SAN PEDRO,717,18,613
CACERES,120,17,609
TARAZA,790,18,608
PUERTO LLERAS,577,18,608
SALAMINA,653,11,605
AGRADO,013,18,604
SAN ONOFRE,713,18,604
EL COPEY,238,18,598
SAN ANTERO,672,17,596
SOLANO,756,17,593
IQUIRA,357,18,593
SILVANIA,743,16,590
PIVIJAY,551,18,589
NUEVA GRANADA,460,13,587
SAN LUIS DE PALENQUE,325,18,585
SARDINATA,720,18,584
VERGARA,862,14,579
SIMACOTA,745,18,575
CURILLO,205,18,574
SANTA ROSA,683,18,573
HATONUEVO,378,18,572
SANTANA,686,14,567
MORROA,473,18,565
OBANDO,497,17,562
YOLOMBO,890,18,560
CABUYARO,124,17,557
PALESTINA,524,18,557
GAMARRA,295,18,556
EL TARRA,250,17,555
EL DONCELLO,247,14,553
SAN JUAN DE BETULIA,702,18,553
PUERTO ESCONDIDO,574,17,553
TURBANA,838,15,553
BARAYA,078,18,552
LA PINTADA,390,17,551
YONDO (CASABE),893,18,549
CALAMAR,015,18,547
JUAN DE ACOSTA,372,18,543
BARICHARA,079,18,543
TUBARA,832,18,543
NUNCHIA,225,18,542
LA PALMA,394,18,534
MORALES,473,18,526
UTICA,851,17,523
OROCUE,230,18,523
ICONONZO,352,18,520
PIAMONTE,533,16,519
SAN FRANCISCO,658,12,515
PRADO,563,18,513
GUARANDA,265,18,512
BOCHALEMA,099,18,510
HATO COROZAL,125,18,506
MARMATO,442,16,503
ACHI,006,18,500
CALDAS,129,13,498
USIACURI,849,18,497
VILLANUEVA,873,17,497
ANOLAIMA,040,15,496
PINILLOS,549,17,495
MARIA LA BAJA,442,14,494
EL DORADO,270,18,493
SANTA BARBARA,679,14,493
PAEZ,517,12,491
RIO DE ORO,614,18,491
ALBANIA,029,16,489
VILLANUEVA,872,18,489
* ATLANTICO. MUNICIPIO DESCONOCIDO,000,13,485
PUERTO SANTANDER,553,18,484
YACOPI,885,17,481
MOÑITOS,500,16,480
SAN JUAN DE RIO SECO,662,18,480
SANTUARIO,687,16,478
ARBELAEZ,053,14,474
ALBANIA,035,14,474
LA CELIA,383,13,473
SALADOBLANCO,660,17,471
ANDES,034,12,468
COLOMBIA,206,17,467
CARTAGENA DEL CHAIRA,150,18,465
* CALDAS. MUNICIPIO DESCONOCIDO,000,10,463
SAN PABLO,670,18,460
MANATI,436,17,459
VELEZ,861,17,457
SIMITI,744,18,456
OPORAPA,503,17,455
DOLORES,236,15,450
LA VICTORIA,403,13,449
CUBARA,223,16,448
SOPETRAN,761,15,448
EL RETEN,268,14,442
MOSQUERA,473,16,441
CUNDAY,226,18,441
SANTA MARIA,676,17,439
PALOCABILDO,520,17,437
MAPIRIPAN,325,17,436
BALBOA,075,17,434
MERCADERES,450,15,426
LA PRIMAVERA,524,17,425
NOROSÌ,490,15,424
SAN BENITO ABAD,678,18,421
SAN BERNARDO DEL VIENTO,675,16,421
PUENTE NACIONAL,572,17,420
SUAREZ,770,18,420
TAMALAMEQUE,787,15,417
NOCAIMA,491,17,417
TENA,797,16,417
LA URIBE,370,18,415
NORCASIA,495,15,414
TENERIFE,798,14,407
MANIZALES,001,16,403
SAN JOSE DEL FRAGUA,610,14,402
ACANDI,006,15,399
PALMITO,523,18,396
ARENAL,042,16,390
LA ESPERANZA,385,18,390
ARGELIA,050,14,389
ELIAS,244,15,388
VALLE DE SAN JUAN,854,18,386
VALPARAISO,856,14,383
SUAN,770,17,381
CISNEROS,190,17,379
CONTRATACION,211,17,379
MARSELLA,440,15,377
SAN CAYETANO,673,18,377
LA PEÑA,398,18,376
MAHATES,433,17,375
EL PAUJIL,256,15,374
PURISIMA,586,16,374
MAJAGUAL,429,18,373
CANALETE,090,17,372
MIRAFLORES,200,12,369
COTORRA,300,14,367
RIO VIEJO,600,18,366
MUTATA,480,16,365
VILLARICA,845,18,359
CAPARRAPI,148,17,358
NATAGA,483,16,357
SAN LUIS DE GACENO,667,15,354
CURITI,229,18,352
GUACHENÈ,300,14,351
GALERAS (NUEVA GRANADA),235,17,351
SAMANIEGO,678,17,349
PUERTO PARRA,573,16,347
LOS CORDOBAS,419,18,347
REPELON,606,17,346
AMBALEMA,030,18,345
CANDELARIA,141,18,343
MOMIL,464,17,342
BAJO BAUDO (PIZARRO),077,15,342
DABEIBA,234,16,339
PUERTO TRIUNFO,591,18,339
PIJIÑO DEL CARMEN (PIJIÑO),545,15,338
CONDOTO,205,17,335
LIBORINA,411,13,334
SANTA HELENA DEL OPON,720,12,333
SABANAS DE SAN ANGEL,660,14,332
SALAZAR,660,18,329
GARAGOA,299,14,326
PAICOL,518,17,325
BUENOS AIRES,110,14,324
CAMPO DE LA CRUZ,137,15,322
VILLAVIEJA,872,18,321
PUERTO NARIÑO,540,11,319
PAUNA,531,14,318
NIMAIMA,489,15,318
SANTA ROSALIA,624,17,317
CAÑASGORDAS,138,15,316
ANSERMA,042,14,314
ZAPATOCA,895,17,313
SANTA BARBARA DE PINTO,720,14,311
ROBERTO PAYAN (SAN JOSE),621,11,307
ISNOS (SAN JOSE DE ISNOS),359,18,306
EL MOLINO,110,16,306
TITIRIBI,809,12,304
EXTERIOR_BRASIL,076,15,302
SAN ESTANISLAO,647,15,298
NUQUI,495,12,297
* VALLE. MUNICIPIO DESCONOCIDO,000,12,296
SABANALARGA,300,18,296
BARBACOAS,079,15,296
FILADELFIA,272,10,287
MISTRATO,456,16,285
CHIMA,168,15,285
EL DOVIO,250,16,283
SALGAR,642,12,281
BELEN DE LOS ANDAQUIES,094,14,281
TALAIGUA NUEVO,780,14,279
LA ARGENTINA,378,15,279
TOLEDO,820,18,277
PUERTO NARE (LA MAGDALENA ),585,17,276
MACEO,425,17,274
CONCORDIA,209,14,273
ZAMBRANO,894,15,272
SAN CARLOS,678,18,271
FREDONIA,282,14,268
CHITARAQUE,185,15,268
PANDI,524,14,267
PARAMO,533,17,267
QUIPAMA,580,13,266
ALTOS DEL ROSARIO,030,14,265
RISARALDA,616,16,264
RIOSUCIO,614,13,263
CAQUEZA,151,16,263
MIRAFLORES,455,11,263
* META. MUNICIPIO DESCONOCIDO,000,12,262
VERSALLES,863,17,261
EL GUAMO,248,17,260
FRONTINO,284,15,258
ARATOCA,051,16,257
ARBOLEDAS,051,14,255
CICUCO,188,14,254
CRAVO NORTE,220,15,253
URUMITA,855,15,253
HACARI,344,17,252
BUENAVISTA,110,17,251
LA MONTANITA,410,17,250
GUAYABETAL,335,16,249
PINCHOTE,549,17,249
CAJAMARCA,124,17,247
SUCRE,771,16,247
TAMARA,400,18,246
MATANZA,444,17,245
APIA,045,11,244
ARGELIA,054,12,242
PACHO,513,15,240
QUEBRADANEGRA,592,17,239
TARSO,792,15,239
COLOSO (RICAURTE),204,18,237
BELALCAZAR,088,10,234
RIOSUCIO,615,14,234
VEGACHI,858,13,233
VALLE DE SAN JOSE,855,16,233
CANTAGALLO,160,16,233
VALDIVIA,854,17,232
PUEBLO RICO,572,14,231
MEDIO SAN JUAN,450,13,231
* MAGDALENA. MUNICIPIO DESCONOCIDO,000,13,230
CAIMITO,124,18,229
CHALAN,230,16,224
* CAQUETA. MUNICIPIO DESCONOCIDO,000,12,222
AGUADAS,013,16,222
SUAREZ,780,12,222
SOPLAVIENTO,760,14,221
LABRANZAGRANDE,377,10,221
MAGUI (PAYAN),427,11,220
* SANTANDER. MUNICIPIO DESCONOCIDO,000,13,220
MARQUETALIA,444,16,219
SANTA BARBARA (ISCUANDE),696,10,219
VILLARICA,873,16,219
POLICARPA,540,12,214
SAN LUIS,660,11,212
PADILLA,513,17,211
GUADALUPE,320,12,211
* SAN ANDRES Y PROV. MUNICIPIO DESCONOCIDO,000,13,210
MEDIO BAUDO (BOCA DE PEPE),430,16,208
LA CUMBRE,377,12,207
VALPARAISO,860,14,206
TIMBIQUI,809,16,206
GUEPSA,327,13,205
SITIO NUEVO,745,14,202
ITUANGO,361,15,202
SAN ZENON,703,15,201
EL AGUILA,243,14,201
SAN ANDRES,669,10,200
SANTIAGO,680,17,200
EL ROBLE,233,16,200
